iter	Logloss
0	0.6595022459
1	0.6300864177
2	0.6068011055
3	0.5848395332
4	0.5668290355
5	0.549662453
6	0.5339164285
7	0.5216714551
8	0.5106223452
9	0.5018110264
10	0.493893003
11	0.4869198886
12	0.4812907837
13	0.4757017024
14	0.4708437295
15	0.4651777886
