iter	Logloss
0	0.6621071728
1	0.6362277742
2	0.6134079466
3	0.5913980619
4	0.5733052333
5	0.5574719262
6	0.5412296059
7	0.5289996859
8	0.5185888473
9	0.509055434
10	0.5011279098
11	0.4948378543
12	0.4884161944
13	0.4812736049
14	0.4757253623
15	0.4688093777
